"pubchem_CID","IUPAC Name"
"240","benzaldehyde  "
"244","phenylmethanol"
"460","2-methoxyphenol"
"998","2-phenylacetaldehyde"
"1303","2-hydroxy-2-phenylpropanoic acid  "
"2758","1,3,3-trimethyl-2-oxabicyclo[2.2.2]octane"
"2879","4-methylphenol"
"3102","diphenylmethanone"
"4133","methyl 2-hydroxybenzoate"
"7147","1-phenylpropan-1-ol"
"7222","1,3-benzothiazole "
"7410","1-phenylethanone  "
"7500","ethylbenzene"
"7602","1,3,5-triethylbenzene  "
"7720","2-ethylhexan-1-ol  "
"7874","2,2,4,4,6,6,8,8,10,10,12,12,14,14-tetradecamethyl-1,3,5,7,9,11,13-heptaoxa-2,4,6,8,10,12,14-heptasilacyclotetradecane"
"8133","2-butoxyethanol  "
"8194","dodecanal"
"8343","bis(2-ethylhexyl) benzene-1,2-dicarboxylate"
"8814","4-(2,4,4-trimethylpentan-2-yl)phenol"
"9231","azulene "
"9268","cyclododecane"
"10914","2,2,4,4,6,6-hexamethyl-1,3,5,2,4,6-trioxatrisilinane"
"11006","hexadecane"
"11169","2,2,4,4,6,6,8,8-octamethyl-1,3,5,7,2,4,6,8-tetraoxatetrasilocane"
"11170","2,2,4,4,6,6,8,8,10,10,12,12,14,14,16,16-hexadecamethyl-1,3,5,7,9,11,13,15-octaoxa-2,4,6,8,10,12,14,16-octasilacyclohexadecane"
"11172","2,2,4,4,6,6,8,8,10,10,12,12,14,14,16,16,18,18-octadecamethyl-1,3,5,7,9,11,13,15,17-nonaoxa-2,4,6,8,10,12,14,16,18-nonasilacyclooctadecane"
"11230","4-methyl-1-propan-2-ylcyclohex-3-en-1-ol"
"12053","2-phenylpropan-2-ol"
"12160","1-ethyl-4-methylbenzene"
"12388","tridecane"
"14257","undecane"
"15600","decane"
"16663","4-ethylheptane"
"16821","5-octyloxolan-2-one  "
"17100","2-(4-methylcyclohex-3-en-1-yl)propan-2-ol"
"17835","4-methyldecane "
"19602","2-pentylfuran"
"21205","methyl 14-methylpentadecanoate"
"21630","2-ethylhexyl 3-(4-methoxyphenyl)prop-2-enoate  "
"22568","2-phenoxyethyl acetate"
"23229","1-(3-acetylphenyl)ethanone"
"23284","[2,2,4-trimethyl-3-(2-methylpropanoyloxy)pentyl] 2-methylpropanoate  "
"29996","N-propylhexan-1-amine  "
"31236","2-phenoxyethanol  "
"31355","tris(2-methylpropyl) phosphate "
"41209","2,6,10,15-tetramethylheptadecane"
"73219","3,5-ditert-butyl-4-hydroxybenzaldehyde  "
"75084","dodecyl prop-2-enoate"
"85781","bis(2-ethylhexyl) carbonate"
"90232","ethyl 4-ethoxybenzoate"
"103653","2-methylbutyl benzoate"
"136569","2,3,3-trimethylpenta-1,4-diene  "
"137353","3-ethyl-3-[4-(hydroxyamino)phenyl]piperidine-2,6-dione  "
"141033","3,6,6-trimethylcyclohex-2-en-1-one  "
"146102","2,6-ditert-butyl-4-hydroxy-4-methylcyclohexa-2,5-dien-1-one  "
"160669","(2S)-5-amino-2-(methylamino)-5-oxopentanoic acid"
"520958","1-(2,4-dimethylphenyl)-2,4-dimethylbenzene  "
"537332","5-ethyl-2-methyloctane"
"551986","2-[(2,4,4,6,6,8,8-heptamethyl-1,3,5,7,2,4,6,8-tetraoxatetrasilocan-2-yl)oxy]-2,4,4,6,6,8,8,10,10-nonamethyl-1,3,5,7,9,2,4,6,8,10-pentaoxapentasilecane  "
"557859","3,7-dimethyloct-7-en-3-ol"
"558880","(5-oxooxolan-2-yl)methyl 3,5-dinitrobenzoate  "
"567717","2-benzyl-1-morpholin-4-yl-3-phenylpropan-2-ol  "
"574439","2-(hydroxymethyl)-2-methylpyrrolidine-1-carbaldehyde  "
"575987","5H-cyclopenta[b]pyridine  "
"622436","trimethyl-[2-trimethylsilyloxy-1-(4-trimethylsilyloxyphenyl)ethoxy]silane"
"637516","(1R)-1-phenylethanol"
"5370158","(E)-3-(2,2,6-trimethyl-7-oxabicyclo[4.1.0]heptan-1-yl)prop-2-enal  "
"5370325","bis(2-ethylhexyl) (E)-but-2-enedioate  "
"6041429","E)-3-(2,4-dimethoxyphenyl)-1-(2-hydroxyphenyl)prop-2-en-1-one  "
"6429350","1-[(1R,7R)-4-methylidene-7-propan-2-yl-1,2,3,3a,5,6,7,7a-octahydroinden-1-yl]ethanone  "
"9602988","methyl (Z)-N-hydroxybenzenecarboximidate  "
"13544681","N-methyl-N-[2-(methylamino)ethyl]benzamide"
"13596727","2-but-3-enoxycarbonylbenzoic acid  "
"91713521","1-O-butyl 6-O-propan-2-yl hexanedioate  "
"91726212","4-O-[2-(2-chlorophenoxy)ethyl] 1-O-ethyl butanedioate"
"91731726","(4-trimethylsilyloxybenzoyl) 4-trimethylsilyloxybenzoate  "
"91742720","bis[[(3-ethylphenoxy)-dimethylsilyl]oxy]-dimethylsilane  "
